data_log,
Timestamp,HallEffectState
1964,1
2477,1
2989,1
3501,1
4013,1
4525,1
5037,1
5549,1
6061,1
6573,1
7085,1
7597,1
8109,1
8621,1
9133,1
9645,1
10157,1
10669,1
11181,1
11693,1
12205,1
12717,1
13229,1
13741,1
14253,1
14765,1
15277,1
15789,1
16301,1
16813,1
17325,1
17837,1
18349,1
18862,1
19374,1
19887,1
20400,1
20913,1
21426,1
21939,404
22452,404
22965,1
23478,1
23990,1
24502,404
25015,404
25528,1
26048,1
26561,1
27074,404
27587,404
28100,1
28612,1
29125,404
29637,404
30154,1
30666,1
31179,1
31691,1
32204,1
32716,1
33229,1
33741,1
34254,1
34766,1
35779,1
36291,1
36804,1
37316,1
37829,1
38341,1
38854,1
39366,1
39880,1
40392,1
40905,1
41417,1
41930,1
42442,1
1914,1
2426,1
2939,1
3450,1
3963,1
4475,1
4988,1
5500,1
6013,1
6525,1
7038,1
7550,1
8063,1
8574,1
9087,1
9599,1
10112,1
10624,1
11137,1
11649,1
12162,1
12673,1
13186,1
13697,1
14210,1
14721,1
15234,1
15745,1
16258,1
16770,1
17283,1
17794,1
18305,1
18816,1
19331,1
19843,1
20355,1
20868,1
21381,1
21894,1
22407,1
22920,1
23432,1
23945,1
24457,1
24970,1
25482,1
25995,1
26507,1
27020,1
27532,1
28044,1
28556,1
29068,1
29580,1
30092,1
30604,1
31117,1
31629,1
32142,1
32654,1
33167,1
33679,1
34192,1
34704,1
35217,1
35729,1
36241,1
36753,1
37266,1
37778,1
38291,1
38803,1
39316,1
39828,1
40341,1
40853,1
41366,1
41878,1
42391,1
42903,1
43416,1
43928,1
44440,1
44952,1
45464,1
45976,1
46488,1
47000,1
47512,1
48024,1
48541,1
49060,1
49573,1
50085,1
50598,1
51110,1
51623,1
52135,1
52648,1
53160,1
53673,1
54185,1
54698,1
55210,1
55723,1
56235,1
56748,1
57260,1
57773,1
58285,1
58798,1
59310,1
59823,1
60335,1
60848,1
61359,1
61872,1
62384,1
62897,1
63409,1
63922,1
64434,1
64947,1
65459,1
65972,1
66484,1
66997,1
67509,1
68022,1
68534,1
69047,1
69559,1
70072,1
70584,1
71097,1
71609,1
72122,1
72634,1
73147,1
73659,1
74172,1
74683,1
75196,1
75786,1
76299,1
76811,1
77324,1
77840,1
78353,1
78865,1
79378,1
79890,1
80403,1
80915,1
81428,1
81940,1
82453,1
82965,1
83478,1
83990,1
84503,1
85015,1
85528,1
86040,1
86553,1
87065,1
87578,1
88090,1
88603,1
89115,1
89628,1
90140,1
90653,1
91165,1
91678,1
92190,1
92703,1
93214,1
93727,1
94239,1
94752,1
95263,1
95776,1
96288,1
96801,1
97313,1
97826,1
98338,1
98851,1
99363,1
99876,1
100387,1
100900,1
101411,1
101924,1
102435,1
102948,1
103460,1
103973,1
104485,1
104998,1
105510,1
106022,1
106533,1
107046,1
107557,1
108070,1
108581,1
109094,1
109605,1
110118,1
110630,1
111143,1
111655,1
112168,1
112680,1
113200,1
113712,1
114225,1
114736,1
115249,1
115760,1
116273,1
116784,1
117297,1
117808,1
118321,1
118832,1
119345,1
119856,1
120369,1
120880,1
121393,1
121904,1
122417,1
122928,1
123441,1
123953,1
124466,1
124977,1
125490,1
126001,1
126514,1
127026,1
127539,1
128050,1
128563,1
129074,1
129587,1
130098,1
130611,1
131122,1
131635,1
132147,1
132663,1
133174,1
133685,1
134196,1
134707,1
135219,1
135732,1
136245,1
136758,1
137270,1
137782,1
138295,1
138808,1
139321,1
139833,1
140346,1
140858,1
141371,1
141883,1
142396,1
142908,1
143421,1
143933,1
144446,1
144958,1
145471,1
145983,1
146495,1
147007,1
147520,1
148032,1
148545,1
149057,1
149569,1
150081,1
150593,1
151105,1
151618,1
152130,1
152642,1
153154,1
153667,1
154179,1
154691,1
155204,1
155717,1
156229,1
156742,1
157254,1
157767,1
158279,1
158796,1
159308,1
159821,1
160333,1
160846,1
161358,1
161871,1
162383,1
162896,1
163408,1
163921,1
164433,1
164946,1
165458,1
165971,1
166483,1
166996,1
167508,1
168021,1
168533,1
169046,1
169558,1
170071,1
170583,1
171096,1
171608,1
172121,1
172633,1
173146,1
173658,1
174171,1
174683,1
175196,1
175708,1
176221,1
176739,1
177252,1
177764,1
178277,1
178789,1
179302,1
179814,1
180327,1
180838,1
181351,1
181863,1
182376,1
182888,1
183401,1
183913,1
184426,1
184942,1
185454,1
185966,1
186478,1
186991,1
187504,1
188016,1
188528,1
189040,1
189552,1
190064,1
190576,1
191088,1
191600,1
192112,1
192624,1
193136,1
193648,1
194160,1
194672,1
195184,1
195696,1
196208,1
196720,1
197232,1
197744,1
198255,1
198766,1
199277,1
199788,1
200300,1
200813,1
201326,1
201839,1
202352,1
202865,1
203378,1
203890,1
204402,1
204914,1
205426,1
205938,1
206451,1
206964,1
207476,1
207988,1
208500,1
209012,1
209524,1
210036,1
210548,1
211064,1
211577,1
212089,1
212602,1
213114,1
213627,1
214139,1
214652,1
215164,1
215677,1
216189,1
216702,1
217214,1
217727,1
218239,1
218752,1
219264,1
219777,1
220289,1
220802,1
221314,1
221827,1
222339,1
222852,1
223364,1
223877,1
224389,1
224902,1
225414,1
225927,1
226439,1
226952,1
227464,1
227977,1
228489,1
229002,1
229514,1
230027,1
230539,1
231052,1
231564,1
232077,1
232589,1
233102,1
233614,1
234127,1
234638,1
235151,1
235663,1
236176,1
236687,1
237199,1
237710,1
238223,1
238735,1
239248,1
239760,1
240273,1
240792,1
241305,1
241816,1
242329,1
242840,1
243353,1
243865,1
244378,1
244889,1
245402,1
245914,1
246427,1
246939,1
247452,1
247963,1
248476,1
248987,1
249500,1
250011,1
250524,1
251036,1
251549,1
252060,1
252573,1
253084,1
253597,1
254108,1
254621,1
255132,1
255645,1
256233,1
256746,1
257258,1
257770,1
258282,1
258795,1
259307,1
259819,1
260331,1
260844,1
261356,1
261868,1
262380,1
262893,1
263405,1
263922,1
264433,1
264946,1
265458,1
265971,1
266483,1
266996,1
267508,1
268021,1
268533,1
269046,1
269558,1
270071,1
270583,1
271096,1
271608,1
272121,1
272633,1
273146,1
273658,1
274171,1
274683,1
275196,1
275707,1
276220,1
276732,1
277245,1
277757,1
278270,1
278782,1
279295,1
279807,1
280320,1
280832,1
281345,1
281857,1
282370,1
282881,1
283394,1
283906,1
284419,1
284931,1
285444,1
285955,1
286468,1
286980,1
287493,1
288005,1
288518,1
289030,1
289543,1
290059,1
290572,1
291085,1
291597,1
292109,1
292621,1
293133,1
293645,1
294158,1
294671,1
295184,1
295697,1
296210,1
296722,1
297235,1
297747,1
298259,1
298771,1
299283,1
299795,1
300307,1
300819,1
301332,1
301844,1
302356,1
302868,1
303381,1
303893,1
304412,1
304924,1
305436,1
305948,1
306460,1
306972,1
307484,1
307996,1
308508,1
309021,1
309534,1
310046,1
310558,1
311070,1
311582,1
312094,1
312606,1
313118,1
313630,1
314141,1
314653,1
315165,1
315678,1
316194,1
316708,1
317220,1
317733,1
318245,1
318759,1
319271,404
319784,1
320296,1
320809,1
321321,1
321834,1
322346,1
322859,1
323371,1
323884,1
324396,1
324909,1
325421,1
325934,1
326446,1
326959,1
327471,404
327984,1
328496,1
329009,404
329521,1
330034,1
330546,404
331059,1
331571,1
332084,1
332596,1
333109,1
1958,1
2471,1
2983,1
3496,1
4008,1
4521,1
5033,1
5546,1
6058,1
6571,1
7083,1
7596,1
8108,1
8621,1
9133,1
9646,1
10158,1
10671,1
11183,1
11696,1
12212,1
12724,1
13236,1
13749,1
14261,1
14774,1
15287,1
15800,1
16312,1
16825,1
17337,1
17849,1
18362,1
18874,1
19387,1
19899,1
20411,1
20923,1
21436,1
21948,1
22460,1
22972,1
23485,1
23997,1
24509,1
25021,1
25533,1
26045,1
26557,1
27069,1
27581,1
28093,1
28605,1
29117,1
29629,1
30141,1
30653,1
31165,1
31677,1
32189,1
32701,1
33213,1
33725,1
34237,1
34749,1
35261,1
35774,1
36293,1
36805,1
37317,1
37829,1
38341,1
38853,1
39365,1
39877,1
40389,1
40901,1
41417,1
41930,1
42441,1
42954,1
43465,1
43978,1
44489,1
45002,1
45514,1
46027,1
46539,1
47050,1
47561,1
48072,1
48583,1
49096,1
49608,1
50121,1
50633,1
51146,1
51658,1
52171,1
52683,1
53196,1
53707,1
54220,1
54732,1
55245,1
55757,1
56270,1
56782,1
57295,1
57807,1
58320,1
58832,1
59345,1
59857,1
60370,1
60882,1
61395,1
61907,1
62420,1
62932,1
63445,1
63957,1
64470,1
64982,1
65495,1
66007,1
66520,1
67031,1
67544,1
68056,1
68569,1
69081,1
69594,1
70106,1
70623,1
71135,1
71648,1
72160,1
72672,1
73184,1
73697,1
74209,1
74722,1
75234,1
75746,1
76258,1
76770,1
77282,1
77795,1
78307,1
78820,1
79332,1
79844,1
80356,1
80869,1
81381,1
81893,1
82405,1
82918,1
83430,1
83943,1
84455,1
84968,1
85481,1
85994,1
86507,1
87020,1
87532,1
88045,1
88557,1
89069,1
89581,1
90094,1
90606,1
91118,1
91630,1
92142,1
92654,1
93166,1
93678,1
94190,1
94702,1
95214,1
95726,1
96238,1
96750,1
97262,1
97774,1
98286,1
98798,1
99311,1
99835,1
100347,1
100860,1
101371,1
101884,1
102395,1
102908,1
103419,1
103932,1
104520,1
105032,1
105544,1
106056,1
106568,1
107080,1
107592,1
108104,1
108616,1
109128,1
109640,1
110153,1
110665,1
111177,1
111689,1
112201,1
112713,1
113226,1
113738,1
114250,1
114763,1
115275,1
115787,1
116299,1
116811,1
117323,1
117835,1
118347,1
118859,1
119371,1
119883,1
120396,1
120908,1
121420,1
121933,1
122446,1
122958,1
123470,1
123983,1
124495,1
125007,1
125520,1
126036,1
126549,1
127061,1
127574,1
128086,1
128599,1
129111,1
129624,1
130136,1
130649,1
131161,1
131674,1
132186,1
132699,1
133211,1
133724,1
134236,1
134749,1
135261,1
135774,1
136286,1
136799,1
137311,1
137824,1
138336,1
138849,1
139361,1
139874,1
140386,1
140899,1
141411,1
141924,1
142436,1
142949,1
143461,1
143974,1
144486,1
144999,1
145511,1
146024,1
146536,1
147049,1
147561,1
148074,1
148586,1
149099,1
149610,1
150123,1
150635,1
151148,1
151660,1
152176,1
152688,1
153201,1
153714,1
154227,1
154740,1
155253,1
155766,1
156279,1
156792,1
1728,1
2241,1
2753,1
3265,1
3777,1
4289,1
4801,1
5313,1
5825,1
6336,1
6847,1
7358,1
7877,1
8389,1
8902,1
9415,1
9928,1
10441,1
10954,1
11467,1
11980,1
12493,1
1707,1
2220,1
2732,1
3244,1
3756,1
4268,1
4780,1
5292,1
5804,1
6316,1
6828,1
7340,1
7852,1
8364,1
8876,1
9388,1
9900,1
10412,1
10925,1
11437,1
11949,1
12461,1
12973,1
13485,1
13998,1
14510,1
15022,1
15535,1
16051,1
16564,1
17076,1
17589,1
18101,1
18614,1
19126,1
19640,1
20152,1
20665,1
21177,1
21691,1
22203,1
22716,1
1935,1
2448,1
2960,1
3473,1
3985,1
4498,1
5009,1
5522,1
6034,1
6547,1
7059,1
7572,1
8084,1
8597,1
9109,1
9622,1
10134,1
10647,1
11159,1
11672,1
12184,1
12697,1
13209,1
13722,1
14234,1
14747,1
15259,1
15772,1
16284,1
16797,1
17309,1
17822,1
18334,1
1968,1
2480,1
2993,1
3504,1
4017,1
4528,1
5041,1
5552,1
6065,1
6576,1
7089,1
7601,1
8114,1
8630,1
9142,1
9654,1
10167,1
10679,1
11192,1
11705,1
12218,1
12730,1
13243,1
13756,1
14269,1
14782,1
15295,1
15808,1
16321,1
16834,1
17347,1
17860,1
18373,1
18886,1
19398,1
19910,1
1732,1
2245,1
2757,1
3268,1
3786,1
4297,1
4808,1
5320,1
5832,1
6345,1
6857,1
7369,1
7881,1
8394,1
8906,1
9418,1
9930,1
10442,1
10954,1
11467,1
11979,1
12491,1
13003,1
13515,1
14027,1
14539,1
15052,1
15565,1
16078,1
16591,1
17104,1
17617,1
18130,1
18643,1
19156,1
19669,1
20185,1
20699,1
21211,1
21725,1
22237,1
1750,1
2262,1
2775,1
3286,1
3799,1
4311,1
4824,1
5336,1
5849,1
6361,1
6874,1
7385,1
7898,1
8410,1
8923,1
9434,1
9947,1
10459,1
10972,1
11484,1
11997,1
12509,1
13023,1
13535,1
14049,1
14561,1
15074,1
15586,1
16100,1
16612,1
17126,1
17638,1
18152,1
18664,1
19177,1
19689,1
20202,1
20714,1
21227,1
21739,1
22253,1
22765,1
23279,1
23791,1
